track_id,quartil_streams,categoria_streams,quartil_bpm,categoria_bpm,quartil_danceability,categoria_danceability,quartil_valence,categoria_valence,quartil_energy,categoria_energy,quartil_acousticness,categoria_acousticness,quartil_instrumentalness,categoria_instrumentalness,quartil_liveness,categoria_liveness,quartil_speechiness,categoria_speechiness,quartil_total_playlists,categoria_total_playlists
8143341,1,Baixo,1,Baixo,2,Médio,1,Baixo,1,Baixo,1,Baixo,3,Médio,4,Alto,1,Baixo,1,Baixo
3305057,1,Baixo,4,Alto,1,Baixo,2,Médio,3,Médio,1,Baixo,1,Baixo,2,Médio,3,Médio,1,Baixo
6062396,2,Médio,3,Médio,4,Alto,4,Alto,4,Alto,1,Baixo,1,Baixo,1,Baixo,3,Médio,1,Baixo
3054476,1,Baixo,4,Alto,1,Baixo,3,Médio,4,Alto,1,Baixo,4,Alto,3,Médio,3,Médio,1,Baixo
2587921,1,Baixo,4,Alto,4,Alto,4,Alto,1,Baixo,1,Baixo,3,Médio,2,Médio,3,Médio,1,Baixo
4343383,2,Médio,3,Médio,1,Baixo,1,Baixo,3,Médio,1,Baixo,2,Médio,3,Médio,1,Baixo,1,Baixo
7691321,2,Médio,3,Médio,3,Médio,3,Médio,4,Alto,1,Baixo,3,Médio,4,Alto,4,Alto,1,Baixo
8943060,1,Baixo,3,Médio,2,Médio,2,Médio,4,Alto,1,Baixo,1,Baixo,3,Médio,1,Baixo,1,Baixo
5922471,1,Baixo,4,Alto,1,Baixo,3,Médio,4,Alto,1,Baixo,2,Médio,4,Alto,2,Médio,1,Baixo
4148996,1,Baixo,4,Alto,3,Médio,4,Alto,3,Médio,1,Baixo,3,Médio,2,Médio,3,Médio,1,Baixo
6801500,1,Baixo,1,Baixo,1,Baixo,1,Baixo,1,Baixo,1,Baixo,3,Médio,3,Médio,1,Baixo,1,Baixo
2661792,2,Médio,2,Médio,3,Médio,3,Médio,2,Médio,1,Baixo,3,Médio,1,Baixo,1,Baixo,1,Baixo
7243247,1,Baixo,3,Médio,1,Baixo,1,Baixo,3,Médio,1,Baixo,2,Médio,1,Baixo,2,Médio,1,Baixo
2009624,2,Médio,2,Médio,2,Médio,1,Baixo,4,Alto,1,Baixo,2,Médio,1,Baixo,3,Médio,1,Baixo
3546474,1,Baixo,2,Médio,3,Médio,1,Baixo,3,Médio,1,Baixo,1,Baixo,4,Alto,3,Médio,1,Baixo
1121286,1,Baixo,3,Médio,4,Alto,3,Médio,4,Alto,1,Baixo,2,Médio,4,Alto,2,Médio,1,Baixo
4837745,2,Médio,3,Médio,4,Alto,3,Médio,1,Baixo,1,Baixo,1,Baixo,2,Médio,1,Baixo,1,Baixo
2840055,2,Médio,4,Alto,2,Médio,4,Alto,4,Alto,1,Baixo,3,Médio,4,Alto,1,Baixo,1,Baixo
4812397,2,Médio,4,Alto,1,Baixo,1,Baixo,2,Médio,1,Baixo,1,Baixo,2,Médio,1,Baixo,1,Baixo
5975489,1,Baixo,2,Médio,4,Alto,2,Médio,2,Médio,1,Baixo,1,Baixo,3,Médio,4,Alto,1,Baixo
6640464,2,Médio,1,Baixo,4,Alto,2,Médio,2,Médio,1,Baixo,4,Alto,2,Médio,4,Alto,1,Baixo
7629327,2,Médio,1,Baixo,4,Alto,2,Médio,4,Alto,1,Baixo,3,Médio,1,Baixo,2,Médio,1,Baixo
4070434,3,Médio,4,Alto,1,Baixo,3,Médio,4,Alto,1,Baixo,1,Baixo,4,Alto,4,Alto,1,Baixo
6644972,1,Baixo,3,Médio,1,Baixo,2,Médio,4,Alto,1,Baixo,3,Médio,4,Alto,3,Médio,1,Baixo
5678676,2,Médio,1,Baixo,3,Médio,1,Baixo,3,Médio,1,Baixo,4,Alto,2,Médio,2,Médio,1,Baixo
3461405,1,Baixo,2,Médio,3,Médio,4,Alto,2,Médio,1,Baixo,1,Baixo,2,Médio,1,Baixo,1,Baixo
8756692,1,Baixo,1,Baixo,2,Médio,4,Alto,3,Médio,1,Baixo,3,Médio,4,Alto,3,Médio,1,Baixo
6609930,1,Baixo,1,Baixo,2,Médio,1,Baixo,2,Médio,1,Baixo,2,Médio,3,Médio,2,Médio,1,Baixo
5554493,1,Baixo,4,Alto,4,Alto,1,Baixo,3,Médio,1,Baixo,2,Médio,3,Médio,4,Alto,1,Baixo
8553734,1,Baixo,1,Baixo,4,Alto,4,Alto,3,Médio,1,Baixo,2,Médio,1,Baixo,3,Médio,1,Baixo
6333549,2,Médio,2,Médio,4,Alto,3,Médio,4,Alto,1,Baixo,4,Alto,4,Alto,1,Baixo,1,Baixo
7881394,2,Médio,2,Médio,2,Médio,1,Baixo,3,Médio,1,Baixo,2,Médio,4,Alto,2,Médio,1,Baixo
8537557,1,Baixo,3,Médio,3,Médio,4,Alto,4,Alto,1,Baixo,1,Baixo,3,Médio,3,Médio,1,Baixo
4214662,1,Baixo,1,Baixo,4,Alto,4,Alto,4,Alto,1,Baixo,2,Médio,1,Baixo,2,Médio,1,Baixo
8365464,1,Baixo,1,Baixo,2,Médio,3,Médio,2,Médio,1,Baixo,2,Médio,4,Alto,1,Baixo,1,Baixo
6026926,2,Médio,2,Médio,4,Alto,2,Médio,3,Médio,1,Baixo,3,Médio,1,Baixo,3,Médio,1,Baixo
4487095,1,Baixo,3,Médio,1,Baixo,2,Médio,3,Médio,1,Baixo,1,Baixo,4,Alto,2,Médio,1,Baixo
2166249,1,Baixo,4,Alto,1,Baixo,1,Baixo,4,Alto,1,Baixo,2,Médio,1,Baixo,4,Alto,1,Baixo
8654169,2,Médio,2,Médio,4,Alto,2,Médio,2,Médio,1,Baixo,3,Médio,3,Médio,4,Alto,1,Baixo
8055412,3,Médio,2,Médio,3,Médio,3,Médio,3,Médio,1,Baixo,1,Baixo,4,Alto,1,Baixo,1,Baixo
4967469,3,Médio,1,Baixo,3,Médio,3,Médio,4,Alto,1,Baixo,4,Alto,2,Médio,3,Médio,1,Baixo
3746522,1,Baixo,4,Alto,1,Baixo,3,Médio,4,Alto,1,Baixo,2,Médio,4,Alto,2,Médio,1,Baixo
6063105,1,Baixo,4,Alto,1,Baixo,1,Baixo,2,Médio,1,Baixo,3,Médio,3,Médio,1,Baixo,1,Baixo
3853127,1,Baixo,3,Médio,2,Médio,3,Médio,4,Alto,1,Baixo,1,Baixo,4,Alto,1,Baixo,1,Baixo
3546129,1,Baixo,2,Médio,1,Baixo,4,Alto,4,Alto,1,Baixo,2,Médio,3,Médio,1,Baixo,1,Baixo
1193878,1,Baixo,1,Baixo,1,Baixo,1,Baixo,3,Médio,1,Baixo,3,Médio,3,Médio,3,Médio,1,Baixo
4464368,1,Baixo,4,Alto,2,Médio,1,Baixo,3,Médio,1,Baixo,2,Médio,1,Baixo,3,Médio,1,Baixo
1392259,2,Médio,2,Médio,4,Alto,4,Alto,2,Médio,1,Baixo,1,Baixo,3,Médio,2,Médio,1,Baixo
8209238,1,Baixo,3,Médio,4,Alto,4,Alto,4,Alto,1,Baixo,1,Baixo,1,Baixo,2,Médio,1,Baixo
4845139,1,Baixo,4,Alto,2,Médio,3,Médio,4,Alto,1,Baixo,2,Médio,4,Alto,3,Médio,1,Baixo
8091023,3,Médio,2,Médio,2,Médio,2,Médio,3,Médio,1,Baixo,1,Baixo,4,Alto,2,Médio,1,Baixo
7517093,1,Baixo,3,Médio,2,Médio,2,Médio,4,Alto,1,Baixo,2,Médio,1,Baixo,2,Médio,1,Baixo
5477581,3,Médio,1,Baixo,3,Médio,3,Médio,4,Alto,1,Baixo,4,Alto,1,Baixo,4,Alto,1,Baixo
5865058,3,Médio,4,Alto,2,Médio,3,Médio,3,Médio,2,Médio,3,Médio,3,Médio,2,Médio,1,Baixo
7230461,2,Médio,4,Alto,1,Baixo,4,Alto,2,Médio,2,Médio,1,Baixo,1,Baixo,2,Médio,1,Baixo
8513259,2,Médio,3,Médio,2,Médio,3,Médio,4,Alto,2,Médio,3,Médio,2,Médio,3,Médio,1,Baixo
1413502,1,Baixo,4,Alto,1,Baixo,2,Médio,3,Médio,2,Médio,3,Médio,4,Alto,1,Baixo,1,Baixo
1936946,1,Baixo,2,Médio,3,Médio,3,Médio,4,Alto,2,Médio,1,Baixo,3,Médio,1,Baixo,1,Baixo
8666108,1,Baixo,1,Baixo,1,Baixo,1,Baixo,3,Médio,2,Médio,2,Médio,2,Médio,4,Alto,1,Baixo
3841850,2,Médio,1,Baixo,4,Alto,2,Médio,4,Alto,2,Médio,1,Baixo,3,Médio,4,Alto,1,Baixo
3555344,2,Médio,2,Médio,2,Médio,4,Alto,4,Alto,2,Médio,4,Alto,1,Baixo,4,Alto,1,Baixo
5836808,3,Médio,1,Baixo,3,Médio,2,Médio,2,Médio,2,Médio,3,Médio,1,Baixo,3,Médio,1,Baixo
6191375,1,Baixo,4,Alto,1,Baixo,2,Médio,3,Médio,2,Médio,1,Baixo,2,Médio,4,Alto,1,Baixo
7349725,2,Médio,2,Médio,4,Alto,3,Médio,3,Médio,2,Médio,2,Médio,4,Alto,2,Médio,1,Baixo
4363557,2,Médio,2,Médio,3,Médio,4,Alto,4,Alto,2,Médio,3,Médio,4,Alto,4,Alto,1,Baixo
2582262,2,Médio,1,Baixo,1,Baixo,3,Médio,3,Médio,2,Médio,2,Médio,4,Alto,3,Médio,1,Baixo
3786238,1,Baixo,1,Baixo,4,Alto,3,Médio,4,Alto,2,Médio,2,Médio,1,Baixo,2,Médio,1,Baixo
7036044,1,Baixo,2,Médio,4,Alto,2,Médio,4,Alto,2,Médio,1,Baixo,2,Médio,1,Baixo,1,Baixo
7510507,1,Baixo,3,Médio,4,Alto,4,Alto,4,Alto,2,Médio,2,Médio,1,Baixo,3,Médio,1,Baixo
1274739,1,Baixo,2,Médio,4,Alto,3,Médio,4,Alto,2,Médio,1,Baixo,1,Baixo,4,Alto,1,Baixo
3814674,2,Médio,3,Médio,4,Alto,4,Alto,4,Alto,2,Médio,1,Baixo,1,Baixo,2,Médio,1,Baixo
6829928,2,Médio,1,Baixo,3,Médio,3,Médio,2,Médio,2,Médio,2,Médio,1,Baixo,2,Médio,1,Baixo
7529779,1,Baixo,3,Médio,3,Médio,4,Alto,3,Médio,2,Médio,1,Baixo,1,Baixo,1,Baixo,1,Baixo
1452364,1,Baixo,1,Baixo,2,Médio,1,Baixo,2,Médio,2,Médio,2,Médio,4,Alto,3,Médio,1,Baixo
1640645,2,Médio,2,Médio,4,Alto,3,Médio,3,Médio,2,Médio,3,Médio,1,Baixo,3,Médio,1,Baixo
1297061,1,Baixo,2,Médio,1,Baixo,3,Médio,4,Alto,2,Médio,4,Alto,1,Baixo,4,Alto,1,Baixo
6728037,1,Baixo,1,Baixo,2,Médio,1,Baixo,3,Médio,2,Médio,1,Baixo,2,Médio,2,Médio,1,Baixo
6213355,1,Baixo,3,Médio,4,Alto,4,Alto,3,Médio,2,Médio,1,Baixo,3,Médio,2,Médio,1,Baixo
3827200,1,Baixo,1,Baixo,4,Alto,2,Médio,3,Médio,2,Médio,2,Médio,3,Médio,3,Médio,1,Baixo
1769305,2,Médio,4,Alto,2,Médio,3,Médio,2,Médio,2,Médio,3,Médio,1,Baixo,4,Alto,1,Baixo
5686736,2,Médio,2,Médio,2,Médio,2,Médio,2,Médio,2,Médio,3,Médio,3,Médio,4,Alto,1,Baixo
6457168,1,Baixo,2,Médio,4,Alto,4,Alto,2,Médio,2,Médio,2,Médio,3,Médio,4,Alto,1,Baixo
4940529,2,Médio,2,Médio,4,Alto,4,Alto,2,Médio,2,Médio,1,Baixo,4,Alto,4,Alto,1,Baixo
2101565,1,Baixo,2,Médio,2,Médio,1,Baixo,4,Alto,2,Médio,3,Médio,4,Alto,2,Médio,1,Baixo
1828295,1,Baixo,2,Médio,4,Alto,1,Baixo,1,Baixo,2,Médio,4,Alto,2,Médio,3,Médio,1,Baixo
4492232,3,Médio,2,Médio,4,Alto,4,Alto,4,Alto,2,Médio,1,Baixo,2,Médio,3,Médio,1,Baixo
6057014,3,Médio,1,Baixo,4,Alto,3,Médio,4,Alto,2,Médio,2,Médio,1,Baixo,1,Baixo,1,Baixo
7179210,1,Baixo,1,Baixo,1,Baixo,2,Médio,1,Baixo,2,Médio,1,Baixo,4,Alto,2,Médio,1,Baixo
2357691,2,Médio,3,Médio,2,Médio,4,Alto,4,Alto,2,Médio,2,Médio,1,Baixo,4,Alto,1,Baixo
7822780,1,Baixo,3,Médio,2,Médio,2,Médio,4,Alto,2,Médio,1,Baixo,4,Alto,3,Médio,1,Baixo
3970396,1,Baixo,4,Alto,1,Baixo,2,Médio,3,Médio,2,Médio,2,Médio,2,Médio,1,Baixo,1,Baixo
6720570,2,Médio,4,Alto,2,Médio,4,Alto,4,Alto,2,Médio,1,Baixo,4,Alto,3,Médio,1,Baixo
2841488,1,Baixo,4,Alto,2,Médio,4,Alto,4,Alto,2,Médio,1,Baixo,1,Baixo,2,Médio,1,Baixo
7948655,1,Baixo,4,Alto,2,Médio,3,Médio,4,Alto,2,Médio,4,Alto,4,Alto,3,Médio,1,Baixo
8283550,1,Baixo,2,Médio,4,Alto,1,Baixo,2,Médio,2,Médio,2,Médio,4,Alto,2,Médio,1,Baixo
6602768,1,Baixo,2,Médio,4,Alto,3,Médio,3,Médio,2,Médio,1,Baixo,4,Alto,3,Médio,1,Baixo
2816072,3,Médio,1,Baixo,4,Alto,2,Médio,3,Médio,2,Médio,3,Médio,3,Médio,3,Médio,1,Baixo
8297242,2,Médio,3,Médio,4,Alto,4,Alto,2,Médio,2,Médio,1,Baixo,4,Alto,4,Alto,1,Baixo
1207987,2,Médio,4,Alto,1,Baixo,4,Alto,1,Baixo,2,Médio,1,Baixo,4,Alto,3,Médio,1,Baixo
7654973,2,Médio,3,Médio,4,Alto,4,Alto,4,Alto,2,Médio,3,Médio,3,Médio,4,Alto,1,Baixo
5763974,1,Baixo,2,Médio,3,Médio,2,Médio,3,Médio,2,Médio,4,Alto,3,Médio,2,Médio,1,Baixo
1532080,3,Médio,3,Médio,4,Alto,2,Médio,3,Médio,2,Médio,4,Alto,3,Médio,2,Médio,1,Baixo
6895326,1,Baixo,4,Alto,1,Baixo,2,Médio,3,Médio,2,Médio,2,Médio,4,Alto,2,Médio,1,Baixo
1214913,1,Baixo,3,Médio,2,Médio,1,Baixo,3,Médio,2,Médio,4,Alto,4,Alto,3,Médio,1,Baixo
2726514,2,Médio,2,Médio,4,Alto,4,Alto,4,Alto,2,Médio,4,Alto,1,Baixo,3,Médio,1,Baixo
4053069,1,Baixo,3,Médio,3,Médio,3,Médio,2,Médio,2,Médio,1,Baixo,3,Médio,1,Baixo,1,Baixo
2012053,1,Baixo,2,Médio,4,Alto,2,Médio,4,Alto,2,Médio,4,Alto,2,Médio,2,Médio,1,Baixo
5095829,2,Médio,3,Médio,4,Alto,3,Médio,2,Médio,2,Médio,2,Médio,4,Alto,3,Médio,1,Baixo
7512111,1,Baixo,1,Baixo,3,Médio,4,Alto,2,Médio,2,Médio,3,Médio,3,Médio,3,Médio,1,Baixo
4502825,1,Baixo,3,Médio,3,Médio,2,Médio,4,Alto,2,Médio,3,Médio,3,Médio,3,Médio,1,Baixo
6348243,3,Médio,4,Alto,1,Baixo,4,Alto,1,Baixo,3,Médio,3,Médio,1,Baixo,1,Baixo,1,Baixo
4847849,1,Baixo,1,Baixo,2,Médio,2,Médio,4,Alto,3,Médio,1,Baixo,4,Alto,2,Médio,1,Baixo
5724140,2,Médio,2,Médio,4,Alto,4,Alto,2,Médio,3,Médio,3,Médio,1,Baixo,1,Baixo,1,Baixo
6083108,1,Baixo,1,Baixo,1,Baixo,2,Médio,4,Alto,3,Médio,4,Alto,4,Alto,4,Alto,1,Baixo
1633830,2,Médio,3,Médio,4,Alto,3,Médio,3,Médio,3,Médio,2,Médio,3,Médio,3,Médio,1,Baixo
1078549,2,Médio,3,Médio,3,Médio,4,Alto,4,Alto,3,Médio,1,Baixo,1,Baixo,2,Médio,1,Baixo
6452995,1,Baixo,3,Médio,2,Médio,4,Alto,3,Médio,3,Médio,4,Alto,4,Alto,1,Baixo,1,Baixo
8171348,1,Baixo,4,Alto,1,Baixo,2,Médio,1,Baixo,3,Médio,1,Baixo,2,Médio,1,Baixo,1,Baixo
1589586,1,Baixo,3,Médio,4,Alto,3,Médio,2,Médio,3,Médio,3,Médio,3,Médio,4,Alto,1,Baixo
1717593,1,Baixo,3,Médio,3,Médio,4,Alto,2,Médio,3,Médio,2,Médio,3,Médio,2,Médio,1,Baixo
7662363,2,Médio,1,Baixo,2,Médio,2,Médio,1,Baixo,3,Médio,3,Médio,2,Médio,3,Médio,1,Baixo
6161550,1,Baixo,4,Alto,3,Médio,4,Alto,3,Médio,3,Médio,2,Médio,1,Baixo,1,Baixo,1,Baixo
6882173,1,Baixo,2,Médio,3,Médio,3,Médio,2,Médio,3,Médio,3,Médio,4,Alto,2,Médio,1,Baixo
2869874,1,Baixo,4,Alto,1,Baixo,3,Médio,4,Alto,3,Médio,2,Médio,2,Médio,2,Médio,1,Baixo
5402623,1,Baixo,4,Alto,3,Médio,4,Alto,4,Alto,3,Médio,1,Baixo,2,Médio,3,Médio,1,Baixo
8171349,1,Baixo,3,Médio,4,Alto,4,Alto,4,Alto,3,Médio,2,Médio,1,Baixo,2,Médio,1,Baixo
6675451,1,Baixo,4,Alto,2,Médio,3,Médio,2,Médio,3,Médio,4,Alto,2,Médio,2,Médio,1,Baixo
5972088,1,Baixo,3,Médio,1,Baixo,1,Baixo,3,Médio,3,Médio,1,Baixo,1,Baixo,1,Baixo,1,Baixo
1593131,2,Médio,3,Médio,4,Alto,3,Médio,1,Baixo,3,Médio,3,Médio,1,Baixo,3,Médio,1,Baixo
4603662,1,Baixo,4,Alto,1,Baixo,1,Baixo,1,Baixo,3,Médio,4,Alto,4,Alto,2,Médio,1,Baixo
2708944,2,Médio,4,Alto,2,Médio,2,Médio,3,Médio,3,Médio,1,Baixo,2,Médio,1,Baixo,1,Baixo
4830246,2,Médio,1,Baixo,3,Médio,4,Alto,3,Médio,3,Médio,4,Alto,4,Alto,3,Médio,1,Baixo
6744187,2,Médio,3,Médio,3,Médio,4,Alto,1,Baixo,3,Médio,2,Médio,2,Médio,2,Médio,1,Baixo
3739768,3,Médio,1,Baixo,4,Alto,2,Médio,2,Médio,3,Médio,3,Médio,1,Baixo,1,Baixo,1,Baixo
8941056,2,Médio,4,Alto,3,Médio,3,Médio,1,Baixo,3,Médio,4,Alto,4,Alto,2,Médio,1,Baixo
6293464,1,Baixo,1,Baixo,3,Médio,2,Médio,2,Médio,3,Médio,2,Médio,4,Alto,2,Médio,1,Baixo
6470158,1,Baixo,4,Alto,2,Médio,1,Baixo,1,Baixo,3,Médio,3,Médio,2,Médio,3,Médio,1,Baixo
1539892,2,Médio,1,Baixo,2,Médio,3,Médio,3,Médio,3,Médio,3,Médio,2,Médio,4,Alto,1,Baixo
1710471,2,Médio,3,Médio,4,Alto,3,Médio,3,Médio,3,Médio,2,Médio,1,Baixo,1,Baixo,1,Baixo
2084763,1,Baixo,3,Médio,3,Médio,4,Alto,3,Médio,3,Médio,2,Médio,2,Médio,2,Médio,1,Baixo
2475712,1,Baixo,3,Médio,2,Médio,2,Médio,4,Alto,3,Médio,4,Alto,1,Baixo,2,Médio,1,Baixo
2503884,2,Médio,3,Médio,4,Alto,3,Médio,2,Médio,3,Médio,3,Médio,3,Médio,4,Alto,1,Baixo
6436155,1,Baixo,2,Médio,4,Alto,3,Médio,1,Baixo,3,Médio,4,Alto,4,Alto,3,Médio,1,Baixo
5128815,1,Baixo,1,Baixo,4,Alto,4,Alto,4,Alto,3,Médio,2,Médio,4,Alto,4,Alto,1,Baixo
8110201,1,Baixo,4,Alto,1,Baixo,4,Alto,2,Médio,3,Médio,3,Médio,2,Médio,1,Baixo,1,Baixo
8125634,1,Baixo,2,Médio,4,Alto,1,Baixo,1,Baixo,3,Médio,1,Baixo,3,Médio,2,Médio,1,Baixo
6794169,2,Médio,4,Alto,2,Médio,4,Alto,2,Médio,3,Médio,4,Alto,3,Médio,4,Alto,1,Baixo
4082370,1,Baixo,3,Médio,4,Alto,4,Alto,4,Alto,3,Médio,4,Alto,1,Baixo,1,Baixo,1,Baixo
4165407,1,Baixo,2,Médio,4,Alto,3,Médio,1,Baixo,3,Médio,1,Baixo,3,Médio,4,Alto,1,Baixo
4942277,3,Médio,1,Baixo,3,Médio,2,Médio,1,Baixo,3,Médio,3,Médio,2,Médio,1,Baixo,1,Baixo
4823840,2,Médio,1,Baixo,4,Alto,2,Médio,1,Baixo,3,Médio,2,Médio,2,Médio,4,Alto,1,Baixo
1367281,4,Alto,1,Baixo,3,Médio,3,Médio,3,Médio,3,Médio,4,Alto,4,Alto,4,Alto,1,Baixo
6620188,1,Baixo,2,Médio,4,Alto,3,Médio,4,Alto,3,Médio,3,Médio,2,Médio,4,Alto,1,Baixo
7158907,3,Médio,3,Médio,3,Médio,4,Alto,3,Médio,3,Médio,4,Alto,3,Médio,1,Baixo,1,Baixo
1534505,4,Alto,1,Baixo,1,Baixo,1,Baixo,1,Baixo,3,Médio,1,Baixo,3,Médio,1,Baixo,1,Baixo
7103818,1,Baixo,1,Baixo,1,Baixo,2,Médio,3,Médio,3,Médio,3,Médio,3,Médio,4,Alto,1,Baixo
6619922,1,Baixo,1,Baixo,3,Médio,2,Médio,2,Médio,3,Médio,1,Baixo,4,Alto,3,Médio,1,Baixo
4389214,1,Baixo,3,Médio,3,Médio,2,Médio,1,Baixo,3,Médio,4,Alto,2,Médio,1,Baixo,1,Baixo
7070604,2,Médio,3,Médio,4,Alto,4,Alto,4,Alto,3,Médio,2,Médio,2,Médio,2,Médio,1,Baixo
3225408,1,Baixo,2,Médio,3,Médio,4,Alto,2,Médio,3,Médio,4,Alto,3,Médio,1,Baixo,1,Baixo
4557678,1,Baixo,3,Médio,3,Médio,1,Baixo,1,Baixo,3,Médio,1,Baixo,1,Baixo,3,Médio,1,Baixo
1442233,1,Baixo,1,Baixo,3,Médio,4,Alto,4,Alto,3,Médio,2,Médio,4,Alto,4,Alto,1,Baixo
3595953,3,Médio,4,Alto,1,Baixo,4,Alto,2,Médio,3,Médio,2,Médio,2,Médio,2,Médio,1,Baixo
1633065,2,Médio,3,Médio,4,Alto,3,Médio,2,Médio,3,Médio,3,Médio,4,Alto,3,Médio,1,Baixo
1461831,2,Médio,3,Médio,1,Baixo,2,Médio,3,Médio,3,Médio,1,Baixo,2,Médio,3,Médio,1,Baixo
6364406,2,Médio,1,Baixo,4,Alto,3,Médio,2,Médio,3,Médio,1,Baixo,2,Médio,4,Alto,1,Baixo
7016313,1,Baixo,4,Alto,3,Médio,3,Médio,4,Alto,3,Médio,1,Baixo,3,Médio,3,Médio,1,Baixo
4141537,1,Baixo,3,Médio,4,Alto,3,Médio,4,Alto,3,Médio,1,Baixo,2,Médio,4,Alto,1,Baixo
5088165,2,Médio,4,Alto,3,Médio,4,Alto,4,Alto,3,Médio,3,Médio,1,Baixo,3,Médio,1,Baixo
5229182,1,Baixo,1,Baixo,3,Médio,2,Médio,2,Médio,3,Médio,4,Alto,3,Médio,4,Alto,1,Baixo
2395685,2,Médio,4,Alto,3,Médio,4,Alto,2,Médio,3,Médio,2,Médio,3,Médio,3,Médio,1,Baixo
4866757,1,Baixo,3,Médio,3,Médio,1,Baixo,2,Médio,3,Médio,4,Alto,3,Médio,4,Alto,1,Baixo
3519068,1,Baixo,3,Médio,4,Alto,3,Médio,2,Médio,3,Médio,4,Alto,2,Médio,1,Baixo,1,Baixo
3657141,2,Médio,2,Médio,3,Médio,3,Médio,3,Médio,3,Médio,2,Médio,2,Médio,2,Médio,1,Baixo
2628329,1,Baixo,4,Alto,3,Médio,4,Alto,3,Médio,3,Médio,2,Médio,2,Médio,4,Alto,1,Baixo
7366228,1,Baixo,2,Médio,2,Médio,1,Baixo,3,Médio,3,Médio,4,Alto,2,Médio,1,Baixo,1,Baixo
3143453,1,Baixo,2,Médio,3,Médio,1,Baixo,4,Alto,3,Médio,2,Médio,3,Médio,2,Médio,1,Baixo
6953068,1,Baixo,2,Médio,3,Médio,4,Alto,3,Médio,3,Médio,3,Médio,1,Baixo,2,Médio,1,Baixo
4031115,3,Médio,4,Alto,1,Baixo,4,Alto,2,Médio,3,Médio,1,Baixo,1,Baixo,2,Médio,1,Baixo
1488746,2,Médio,2,Médio,2,Médio,3,Médio,3,Médio,4,Alto,1,Baixo,4,Alto,2,Médio,1,Baixo
6776344,1,Baixo,3,Médio,3,Médio,3,Médio,4,Alto,4,Alto,3,Médio,2,Médio,2,Médio,1,Baixo
6143073,1,Baixo,1,Baixo,1,Baixo,2,Médio,2,Médio,4,Alto,2,Médio,4,Alto,3,Médio,1,Baixo
6116514,2,Médio,2,Médio,3,Médio,3,Médio,1,Baixo,4,Alto,2,Médio,2,Médio,3,Médio,1,Baixo
8715137,1,Baixo,2,Médio,2,Médio,1,Baixo,1,Baixo,4,Alto,3,Médio,4,Alto,1,Baixo,1,Baixo
4265182,1,Baixo,1,Baixo,2,Médio,3,Médio,3,Médio,4,Alto,4,Alto,2,Médio,4,Alto,1,Baixo
4618597,1,Baixo,2,Médio,2,Médio,1,Baixo,1,Baixo,4,Alto,2,Médio,4,Alto,2,Médio,1,Baixo
5418507,2,Médio,4,Alto,4,Alto,4,Alto,1,Baixo,4,Alto,1,Baixo,1,Baixo,3,Médio,1,Baixo
7624098,1,Baixo,3,Médio,4,Alto,2,Médio,3,Médio,4,Alto,4,Alto,1,Baixo,4,Alto,1,Baixo
6271365,1,Baixo,3,Médio,3,Médio,2,Médio,1,Baixo,4,Alto,2,Médio,2,Médio,1,Baixo,1,Baixo
8024591,1,Baixo,1,Baixo,1,Baixo,2,Médio,1,Baixo,4,Alto,2,Médio,2,Médio,4,Alto,1,Baixo
3986213,1,Baixo,1,Baixo,2,Médio,4,Alto,4,Alto,4,Alto,1,Baixo,1,Baixo,4,Alto,1,Baixo
4809507,2,Médio,4,Alto,3,Médio,4,Alto,2,Médio,4,Alto,1,Baixo,2,Médio,1,Baixo,1,Baixo
2698226,1,Baixo,4,Alto,1,Baixo,2,Médio,1,Baixo,4,Alto,2,Médio,2,Médio,2,Médio,1,Baixo
1166211,1,Baixo,2,Médio,2,Médio,1,Baixo,1,Baixo,4,Alto,2,Médio,2,Médio,1,Baixo,1,Baixo
3984533,1,Baixo,2,Médio,2,Médio,1,Baixo,1,Baixo,4,Alto,4,Alto,3,Médio,1,Baixo,1,Baixo
4928987,1,Baixo,3,Médio,4,Alto,3,Médio,3,Médio,4,Alto,2,Médio,2,Médio,2,Médio,1,Baixo
8129977,1,Baixo,3,Médio,4,Alto,3,Médio,1,Baixo,4,Alto,4,Alto,3,Médio,3,Médio,1,Baixo
5602322,1,Baixo,2,Médio,2,Médio,2,Médio,2,Médio,4,Alto,3,Médio,3,Médio,3,Médio,1,Baixo
3747351,1,Baixo,2,Médio,1,Baixo,3,Médio,2,Médio,4,Alto,3,Médio,2,Médio,2,Médio,1,Baixo
6044216,2,Médio,1,Baixo,3,Médio,4,Alto,2,Médio,4,Alto,3,Médio,1,Baixo,1,Baixo,1,Baixo
5141433,2,Médio,2,Médio,4,Alto,3,Médio,4,Alto,4,Alto,2,Médio,2,Médio,3,Médio,1,Baixo
7996425,1,Baixo,3,Médio,3,Médio,4,Alto,4,Alto,4,Alto,3,Médio,3,Médio,4,Alto,1,Baixo
3108040,1,Baixo,2,Médio,2,Médio,1,Baixo,2,Médio,4,Alto,1,Baixo,1,Baixo,1,Baixo,1,Baixo
8292846,1,Baixo,3,Médio,4,Alto,4,Alto,1,Baixo,4,Alto,1,Baixo,3,Médio,3,Médio,1,Baixo
4611820,1,Baixo,1,Baixo,2,Médio,1,Baixo,1,Baixo,4,Alto,3,Médio,2,Médio,2,Médio,1,Baixo
8346639,1,Baixo,1,Baixo,2,Médio,1,Baixo,2,Médio,4,Alto,4,Alto,4,Alto,4,Alto,1,Baixo
7175350,1,Baixo,1,Baixo,1,Baixo,1,Baixo,1,Baixo,4,Alto,1,Baixo,4,Alto,2,Médio,1,Baixo
1849027,1,Baixo,3,Médio,4,Alto,3,Médio,4,Alto,4,Alto,4,Alto,1,Baixo,2,Médio,1,Baixo
1740150,2,Médio,3,Médio,2,Médio,1,Baixo,1,Baixo,4,Alto,1,Baixo,2,Médio,1,Baixo,1,Baixo
6987709,1,Baixo,1,Baixo,3,Médio,2,Médio,1,Baixo,4,Alto,1,Baixo,2,Médio,2,Médio,1,Baixo
2678616,1,Baixo,3,Médio,1,Baixo,2,Médio,3,Médio,4,Alto,3,Médio,4,Alto,3,Médio,1,Baixo
8917301,1,Baixo,3,Médio,3,Médio,4,Alto,1,Baixo,4,Alto,4,Alto,1,Baixo,4,Alto,1,Baixo
2150360,1,Baixo,1,Baixo,3,Médio,3,Médio,1,Baixo,4,Alto,1,Baixo,2,Médio,1,Baixo,1,Baixo
4064553,2,Médio,3,Médio,3,Médio,3,Médio,3,Médio,4,Alto,3,Médio,4,Alto,2,Médio,1,Baixo
4169887,2,Médio,4,Alto,1,Baixo,3,Médio,4,Alto,4,Alto,2,Médio,4,Alto,4,Alto,1,Baixo
8174616,3,Médio,2,Médio,3,Médio,4,Alto,2,Médio,4,Alto,3,Médio,4,Alto,4,Alto,1,Baixo
7780139,1,Baixo,2,Médio,1,Baixo,2,Médio,3,Médio,4,Alto,4,Alto,1,Baixo,4,Alto,1,Baixo
3355993,1,Baixo,1,Baixo,1,Baixo,3,Médio,1,Baixo,4,Alto,1,Baixo,2,Médio,3,Médio,1,Baixo
3521113,3,Médio,3,Médio,1,Baixo,1,Baixo,1,Baixo,4,Alto,3,Médio,2,Médio,2,Médio,1,Baixo
3381390,2,Médio,3,Médio,1,Baixo,1,Baixo,1,Baixo,4,Alto,2,Médio,2,Médio,1,Baixo,1,Baixo
7021208,1,Baixo,1,Baixo,2,Médio,2,Médio,2,Médio,4,Alto,4,Alto,1,Baixo,1,Baixo,1,Baixo
7700274,2,Médio,1,Baixo,2,Médio,4,Alto,1,Baixo,4,Alto,4,Alto,2,Médio,1,Baixo,1,Baixo
8274842,1,Baixo,3,Médio,2,Médio,4,Alto,4,Alto,4,Alto,4,Alto,1,Baixo,3,Médio,1,Baixo
5615912,2,Médio,4,Alto,3,Médio,4,Alto,1,Baixo,4,Alto,3,Médio,2,Médio,4,Alto,1,Baixo
1824533,2,Médio,2,Médio,1,Baixo,1,Baixo,1,Baixo,4,Alto,3,Médio,2,Médio,2,Médio,1,Baixo
2162220,1,Baixo,3,Médio,2,Médio,2,Médio,1,Baixo,4,Alto,4,Alto,4,Alto,3,Médio,1,Baixo
3163708,3,Médio,1,Baixo,2,Médio,2,Médio,2,Médio,4,Alto,2,Médio,2,Médio,1,Baixo,1,Baixo
2820265,1,Baixo,4,Alto,2,Médio,2,Médio,3,Médio,4,Alto,2,Médio,2,Médio,1,Baixo,1,Baixo
7332091,1,Baixo,2,Médio,1,Baixo,1,Baixo,1,Baixo,4,Alto,4,Alto,3,Médio,1,Baixo,1,Baixo
5697442,2,Médio,1,Baixo,3,Médio,3,Médio,2,Médio,4,Alto,1,Baixo,1,Baixo,2,Médio,1,Baixo
2068804,1,Baixo,3,Médio,4,Alto,4,Alto,3,Médio,4,Alto,1,Baixo,4,Alto,1,Baixo,1,Baixo
4004325,1,Baixo,3,Médio,4,Alto,4,Alto,3,Médio,4,Alto,3,Médio,1,Baixo,3,Médio,1,Baixo
8272175,2,Médio,4,Alto,1,Baixo,1,Baixo,1,Baixo,4,Alto,3,Médio,3,Médio,1,Baixo,1,Baixo
2645476,2,Médio,3,Médio,1,Baixo,1,Baixo,1,Baixo,4,Alto,4,Alto,2,Médio,1,Baixo,1,Baixo
2070479,1,Baixo,4,Alto,1,Baixo,2,Médio,1,Baixo,4,Alto,3,Médio,3,Médio,3,Médio,1,Baixo
5400474,2,Médio,1,Baixo,2,Médio,1,Baixo,1,Baixo,4,Alto,2,Médio,1,Baixo,1,Baixo,1,Baixo
3933523,2,Médio,3,Médio,3,Médio,1,Baixo,1,Baixo,4,Alto,3,Médio,1,Baixo,4,Alto,1,Baixo
8571641,1,Baixo,2,Médio,3,Médio,4,Alto,3,Médio,4,Alto,3,Médio,4,Alto,1,Baixo,1,Baixo
8569518,2,Médio,3,Médio,3,Médio,3,Médio,2,Médio,1,Baixo,3,Médio,2,Médio,3,Médio,2,Médio
3533833,2,Médio,3,Médio,2,Médio,2,Médio,4,Alto,1,Baixo,1,Baixo,3,Médio,1,Baixo,2,Médio
6321372,2,Médio,3,Médio,1,Baixo,1,Baixo,2,Médio,1,Baixo,3,Médio,1,Baixo,1,Baixo,2,Médio
4501584,1,Baixo,3,Médio,4,Alto,3,Médio,1,Baixo,1,Baixo,3,Médio,1,Baixo,3,Médio,2,Médio
7264781,1,Baixo,3,Médio,4,Alto,4,Alto,4,Alto,1,Baixo,1,Baixo,3,Médio,3,Médio,2,Médio
7503630,2,Médio,1,Baixo,3,Médio,2,Médio,4,Alto,1,Baixo,2,Médio,4,Alto,4,Alto,2,Médio
7989475,1,Baixo,1,Baixo,2,Médio,4,Alto,2,Médio,1,Baixo,1,Baixo,3,Médio,4,Alto,2,Médio
8174233,1,Baixo,2,Médio,2,Médio,1,Baixo,1,Baixo,1,Baixo,1,Baixo,4,Alto,4,Alto,2,Médio
5904115,3,Médio,2,Médio,4,Alto,3,Médio,3,Médio,1,Baixo,3,Médio,3,Médio,1,Baixo,2,Médio
6621439,1,Baixo,4,Alto,4,Alto,3,Médio,3,Médio,1,Baixo,1,Baixo,1,Baixo,4,Alto,2,Médio
4923571,2,Médio,4,Alto,2,Médio,2,Médio,2,Médio,1,Baixo,3,Médio,1,Baixo,4,Alto,2,Médio
2122853,3,Médio,1,Baixo,4,Alto,4,Alto,3,Médio,1,Baixo,1,Baixo,4,Alto,3,Médio,2,Médio
2762640,2,Médio,2,Médio,4,Alto,1,Baixo,2,Médio,1,Baixo,2,Médio,1,Baixo,2,Médio,2,Médio
2808274,1,Baixo,3,Médio,3,Médio,2,Médio,4,Alto,1,Baixo,3,Médio,2,Médio,2,Médio,2,Médio
2313207,2,Médio,3,Médio,3,Médio,2,Médio,4,Alto,1,Baixo,4,Alto,3,Médio,2,Médio,2,Médio
3035987,2,Médio,4,Alto,4,Alto,2,Médio,1,Baixo,1,Baixo,1,Baixo,4,Alto,4,Alto,2,Médio
5283123,2,Médio,4,Alto,2,Médio,3,Médio,4,Alto,1,Baixo,1,Baixo,1,Baixo,4,Alto,2,Médio
5974857,2,Médio,3,Médio,4,Alto,1,Baixo,2,Médio,1,Baixo,3,Médio,1,Baixo,4,Alto,2,Médio
6339593,2,Médio,2,Médio,2,Médio,3,Médio,3,Médio,1,Baixo,3,Médio,1,Baixo,4,Alto,2,Médio
6270180,2,Médio,2,Médio,3,Médio,4,Alto,4,Alto,1,Baixo,1,Baixo,3,Médio,4,Alto,2,Médio
2230668,1,Baixo,1,Baixo,2,Médio,1,Baixo,2,Médio,1,Baixo,1,Baixo,3,Médio,1,Baixo,2,Médio
5279142,3,Médio,3,Médio,4,Alto,1,Baixo,2,Médio,1,Baixo,1,Baixo,2,Médio,3,Médio,2,Médio
1438195,2,Médio,3,Médio,3,Médio,1,Baixo,3,Médio,1,Baixo,1,Baixo,3,Médio,2,Médio,2,Médio
3108815,1,Baixo,4,Alto,4,Alto,2,Médio,1,Baixo,1,Baixo,4,Alto,4,Alto,4,Alto,2,Médio
2264316,1,Baixo,2,Médio,2,Médio,1,Baixo,2,Médio,1,Baixo,1,Baixo,4,Alto,1,Baixo,2,Médio
3476652,1,Baixo,4,Alto,3,Médio,1,Baixo,3,Médio,1,Baixo,2,Médio,2,Médio,4,Alto,2,Médio
3506706,2,Médio,2,Médio,3,Médio,1,Baixo,2,Médio,1,Baixo,3,Médio,4,Alto,3,Médio,2,Médio
6009839,2,Médio,4,Alto,2,Médio,3,Médio,4,Alto,1,Baixo,1,Baixo,1,Baixo,2,Médio,2,Médio
7429862,3,Médio,4,Alto,1,Baixo,2,Médio,2,Médio,1,Baixo,2,Médio,3,Médio,1,Baixo,2,Médio
5560446,2,Médio,4,Alto,2,Médio,1,Baixo,3,Médio,1,Baixo,3,Médio,2,Médio,2,Médio,2,Médio
2023447,1,Baixo,3,Médio,2,Médio,1,Baixo,4,Alto,1,Baixo,1,Baixo,3,Médio,3,Médio,2,Médio
6642483,2,Médio,4,Alto,1,Baixo,2,Médio,4,Alto,1,Baixo,2,Médio,3,Médio,2,Médio,2,Médio
4518298,2,Médio,4,Alto,2,Médio,3,Médio,3,Médio,1,Baixo,1,Baixo,4,Alto,1,Baixo,2,Médio
7434389,1,Baixo,4,Alto,3,Médio,1,Baixo,2,Médio,1,Baixo,1,Baixo,2,Médio,4,Alto,2,Médio
6347306,2,Médio,4,Alto,4,Alto,2,Médio,2,Médio,1,Baixo,4,Alto,2,Médio,3,Médio,2,Médio
4322356,1,Baixo,4,Alto,4,Alto,3,Médio,2,Médio,1,Baixo,2,Médio,2,Médio,4,Alto,2,Médio
2969049,1,Baixo,4,Alto,4,Alto,2,Médio,1,Baixo,1,Baixo,1,Baixo,1,Baixo,4,Alto,2,Médio
5158640,1,Baixo,3,Médio,3,Médio,1,Baixo,3,Médio,1,Baixo,3,Médio,3,Médio,1,Baixo,2,Médio
5459112,3,Médio,3,Médio,3,Médio,3,Médio,3,Médio,1,Baixo,1,Baixo,4,Alto,2,Médio,2,Médio
2102834,1,Baixo,1,Baixo,4,Alto,3,Médio,2,Médio,1,Baixo,1,Baixo,3,Médio,3,Médio,2,Médio
7717973,2,Médio,4,Alto,2,Médio,2,Médio,2,Médio,1,Baixo,4,Alto,4,Alto,1,Baixo,2,Médio
7412049,2,Médio,3,Médio,4,Alto,4,Alto,3,Médio,1,Baixo,4,Alto,2,Médio,1,Baixo,2,Médio
3469822,2,Médio,2,Médio,4,Alto,4,Alto,4,Alto,2,Médio,4,Alto,4,Alto,3,Médio,2,Médio
4102590,3,Médio,2,Médio,3,Médio,3,Médio,4,Alto,2,Médio,1,Baixo,3,Médio,3,Médio,2,Médio
1336403,1,Baixo,4,Alto,1,Baixo,2,Médio,4,Alto,2,Médio,2,Médio,4,Alto,4,Alto,2,Médio
4801316,1,Baixo,2,Médio,4,Alto,3,Médio,3,Médio,2,Médio,2,Médio,2,Médio,1,Baixo,2,Médio
5191929,2,Médio,4,Alto,2,Médio,2,Médio,2,Médio,2,Médio,4,Alto,2,Médio,4,Alto,2,Médio
4978027,3,Médio,2,Médio,3,Médio,2,Médio,4,Alto,2,Médio,4,Alto,4,Alto,2,Médio,2,Médio
7165052,1,Baixo,2,Médio,4,Alto,3,Médio,4,Alto,2,Médio,2,Médio,4,Alto,4,Alto,2,Médio
2296238,1,Baixo,2,Médio,3,Médio,4,Alto,4,Alto,2,Médio,3,Médio,4,Alto,3,Médio,2,Médio
5565096,1,Baixo,1,Baixo,4,Alto,4,Alto,4,Alto,2,Médio,4,Alto,1,Baixo,3,Médio,2,Médio
2754241,2,Médio,4,Alto,4,Alto,3,Médio,1,Baixo,2,Médio,2,Médio,4,Alto,3,Médio,2,Médio
3132809,3,Médio,4,Alto,2,Médio,3,Médio,2,Médio,2,Médio,1,Baixo,3,Médio,1,Baixo,2,Médio
5355322,3,Médio,3,Médio,2,Médio,2,Médio,1,Baixo,2,Médio,2,Médio,2,Médio,4,Alto,2,Médio
4538543,2,Médio,1,Baixo,1,Baixo,3,Médio,3,Médio,2,Médio,3,Médio,4,Alto,1,Baixo,2,Médio
8001796,2,Médio,1,Baixo,3,Médio,4,Alto,4,Alto,2,Médio,3,Médio,1,Baixo,2,Médio,2,Médio
2598352,2,Médio,3,Médio,3,Médio,2,Médio,2,Médio,2,Médio,2,Médio,4,Alto,4,Alto,2,Médio
5350195,1,Baixo,2,Médio,4,Alto,4,Alto,3,Médio,2,Médio,1,Baixo,1,Baixo,4,Alto,2,Médio
6247887,1,Baixo,1,Baixo,3,Médio,3,Médio,3,Médio,2,Médio,1,Baixo,2,Médio,2,Médio,2,Médio
7143216,3,Médio,3,Médio,4,Alto,4,Alto,4,Alto,2,Médio,3,Médio,2,Médio,2,Médio,2,Médio
4738813,3,Médio,2,Médio,3,Médio,4,Alto,4,Alto,2,Médio,1,Baixo,3,Médio,1,Baixo,2,Médio
3670203,1,Baixo,3,Médio,3,Médio,4,Alto,4,Alto,2,Médio,2,Médio,4,Alto,2,Médio,2,Médio
2432426,2,Médio,2,Médio,1,Baixo,2,Médio,4,Alto,2,Médio,4,Alto,1,Baixo,4,Alto,2,Médio
5495832,1,Baixo,1,Baixo,4,Alto,3,Médio,2,Médio,2,Médio,3,Médio,2,Médio,4,Alto,2,Médio
6950436,3,Médio,1,Baixo,1,Baixo,2,Médio,3,Médio,2,Médio,4,Alto,1,Baixo,1,Baixo,2,Médio
7807270,2,Médio,4,Alto,2,Médio,1,Baixo,2,Médio,2,Médio,3,Médio,3,Médio,2,Médio,2,Médio
4782067,3,Médio,1,Baixo,1,Baixo,1,Baixo,2,Médio,2,Médio,3,Médio,3,Médio,1,Baixo,2,Médio
4991676,1,Baixo,1,Baixo,1,Baixo,2,Médio,3,Médio,2,Médio,2,Médio,4,Alto,2,Médio,2,Médio
8262356,1,Baixo,3,Médio,3,Médio,3,Médio,2,Médio,2,Médio,1,Baixo,4,Alto,2,Médio,2,Médio
2121928,2,Médio,2,Médio,3,Médio,2,Médio,1,Baixo,2,Médio,2,Médio,3,Médio,4,Alto,2,Médio
1532170,1,Baixo,4,Alto,3,Médio,1,Baixo,2,Médio,2,Médio,4,Alto,2,Médio,2,Médio,2,Médio
4012549,2,Médio,3,Médio,4,Alto,2,Médio,3,Médio,2,Médio,2,Médio,4,Alto,3,Médio,2,Médio
5563881,1,Baixo,3,Médio,4,Alto,1,Baixo,2,Médio,2,Médio,3,Médio,4,Alto,3,Médio,2,Médio
7270435,2,Médio,1,Baixo,4,Alto,1,Baixo,1,Baixo,2,Médio,1,Baixo,2,Médio,4,Alto,2,Médio
3369956,4,Alto,4,Alto,3,Médio,4,Alto,3,Médio,2,Médio,3,Médio,4,Alto,2,Médio,2,Médio
1183111,1,Baixo,1,Baixo,4,Alto,2,Médio,2,Médio,2,Médio,3,Médio,2,Médio,4,Alto,2,Médio
3434265,1,Baixo,1,Baixo,2,Médio,3,Médio,2,Médio,2,Médio,1,Baixo,2,Médio,4,Alto,2,Médio
1647815,2,Médio,1,Baixo,1,Baixo,3,Médio,3,Médio,2,Médio,2,Médio,3,Médio,3,Médio,2,Médio
8123858,3,Médio,3,Médio,3,Médio,4,Alto,3,Médio,2,Médio,1,Baixo,4,Alto,3,Médio,2,Médio
2987518,2,Médio,1,Baixo,2,Médio,4,Alto,4,Alto,2,Médio,1,Baixo,4,Alto,1,Baixo,2,Médio
2407166,2,Médio,1,Baixo,2,Médio,4,Alto,3,Médio,2,Médio,1,Baixo,2,Médio,3,Médio,2,Médio
3154799,2,Médio,3,Médio,2,Médio,2,Médio,2,Médio,2,Médio,1,Baixo,2,Médio,3,Médio,2,Médio
2540650,2,Médio,1,Baixo,2,Médio,1,Baixo,3,Médio,2,Médio,2,Médio,2,Médio,2,Médio,2,Médio
5420196,1,Baixo,1,Baixo,4,Alto,4,Alto,3,Médio,2,Médio,3,Médio,4,Alto,4,Alto,2,Médio
2853933,1,Baixo,1,Baixo,3,Médio,1,Baixo,3,Médio,2,Médio,3,Médio,2,Médio,4,Alto,2,Médio
2442031,1,Baixo,4,Alto,4,Alto,4,Alto,3,Médio,2,Médio,2,Médio,2,Médio,3,Médio,2,Médio
4794318,2,Médio,4,Alto,2,Médio,3,Médio,4,Alto,2,Médio,4,Alto,4,Alto,1,Baixo,2,Médio
4635311,3,Médio,3,Médio,2,Médio,1,Baixo,2,Médio,2,Médio,4,Alto,1,Baixo,1,Baixo,2,Médio
3559931,2,Médio,4,Alto,2,Médio,3,Médio,2,Médio,2,Médio,1,Baixo,1,Baixo,4,Alto,2,Médio
6604479,2,Médio,4,Alto,3,Médio,2,Médio,2,Médio,2,Médio,2,Médio,3,Médio,3,Médio,2,Médio
7432867,1,Baixo,2,Médio,3,Médio,4,Alto,4,Alto,2,Médio,1,Baixo,4,Alto,4,Alto,2,Médio
6773043,1,Baixo,1,Baixo,4,Alto,3,Médio,4,Alto,2,Médio,3,Médio,3,Médio,2,Médio,2,Médio
2733163,2,Médio,2,Médio,4,Alto,3,Médio,3,Médio,2,Médio,2,Médio,2,Médio,2,Médio,2,Médio
6485441,2,Médio,3,Médio,3,Médio,1,Baixo,1,Baixo,2,Médio,2,Médio,4,Alto,3,Médio,2,Médio
3895305,1,Baixo,3,Médio,4,Alto,2,Médio,3,Médio,2,Médio,1,Baixo,2,Médio,3,Médio,2,Médio
8760891,1,Baixo,2,Médio,3,Médio,1,Baixo,2,Médio,2,Médio,4,Alto,2,Médio,2,Médio,2,Médio
5086845,2,Médio,3,Médio,3,Médio,1,Baixo,3,Médio,2,Médio,2,Médio,4,Alto,4,Alto,2,Médio
6845168,2,Médio,4,Alto,2,Médio,3,Médio,4,Alto,2,Médio,2,Médio,4,Alto,3,Médio,2,Médio
8779560,2,Médio,1,Baixo,1,Baixo,1,Baixo,2,Médio,2,Médio,2,Médio,1,Baixo,3,Médio,2,Médio
8033263,1,Baixo,2,Médio,3,Médio,3,Médio,4,Alto,2,Médio,1,Baixo,1,Baixo,3,Médio,2,Médio
4722538,1,Baixo,1,Baixo,3,Médio,3,Médio,3,Médio,2,Médio,3,Médio,3,Médio,4,Alto,2,Médio
8704695,1,Baixo,4,Alto,1,Baixo,3,Médio,2,Médio,2,Médio,1,Baixo,3,Médio,4,Alto,2,Médio
2003358,2,Médio,1,Baixo,3,Médio,4,Alto,2,Médio,2,Médio,2,Médio,1,Baixo,4,Alto,2,Médio
5442505,1,Baixo,4,Alto,4,Alto,4,Alto,3,Médio,2,Médio,4,Alto,2,Médio,4,Alto,2,Médio
6974739,1,Baixo,3,Médio,1,Baixo,1,Baixo,1,Baixo,2,Médio,1,Baixo,4,Alto,3,Médio,2,Médio
4824782,2,Médio,4,Alto,1,Baixo,1,Baixo,2,Médio,2,Médio,3,Médio,3,Médio,1,Baixo,2,Médio
8744804,3,Médio,2,Médio,4,Alto,4,Alto,4,Alto,2,Médio,1,Baixo,1,Baixo,3,Médio,2,Médio
4576591,1,Baixo,3,Médio,4,Alto,4,Alto,3,Médio,2,Médio,1,Baixo,4,Alto,2,Médio,2,Médio
5087776,1,Baixo,1,Baixo,2,Médio,1,Baixo,2,Médio,3,Médio,3,Médio,1,Baixo,3,Médio,2,Médio
6145430,1,Baixo,3,Médio,1,Baixo,1,Baixo,2,Médio,3,Médio,4,Alto,4,Alto,1,Baixo,2,Médio
1587452,2,Médio,1,Baixo,1,Baixo,3,Médio,3,Médio,3,Médio,1,Baixo,1,Baixo,2,Médio,2,Médio
2786767,3,Médio,1,Baixo,4,Alto,1,Baixo,2,Médio,3,Médio,2,Médio,2,Médio,2,Médio,2,Médio
7166872,3,Médio,2,Médio,2,Médio,4,Alto,4,Alto,3,Médio,3,Médio,4,Alto,4,Alto,2,Médio
3923724,2,Médio,1,Baixo,3,Médio,3,Médio,1,Baixo,3,Médio,2,Médio,4,Alto,3,Médio,2,Médio
2437608,3,Médio,3,Médio,4,Alto,4,Alto,3,Médio,3,Médio,2,Médio,2,Médio,2,Médio,2,Médio
8803071,2,Médio,1,Baixo,1,Baixo,2,Médio,2,Médio,3,Médio,1,Baixo,1,Baixo,3,Médio,2,Médio
4916659,1,Baixo,2,Médio,4,Alto,2,Médio,3,Médio,3,Médio,1,Baixo,1,Baixo,2,Médio,2,Médio
5617904,3,Médio,1,Baixo,3,Médio,2,Médio,2,Médio,3,Médio,1,Baixo,1,Baixo,2,Médio,2,Médio
4487193,2,Médio,1,Baixo,2,Médio,1,Baixo,4,Alto,3,Médio,2,Médio,2,Médio,3,Médio,2,Médio
6427223,2,Médio,1,Baixo,3,Médio,2,Médio,3,Médio,3,Médio,3,Médio,3,Médio,3,Médio,2,Médio
4335470,2,Médio,4,Alto,2,Médio,3,Médio,3,Médio,3,Médio,3,Médio,4,Alto,4,Alto,2,Médio
4341380,3,Médio,3,Médio,1,Baixo,2,Médio,1,Baixo,3,Médio,4,Alto,2,Médio,3,Médio,2,Médio
6055373,2,Médio,1,Baixo,4,Alto,3,Médio,1,Baixo,3,Médio,4,Alto,4,Alto,4,Alto,2,Médio
2079115,2,Médio,4,Alto,3,Médio,4,Alto,1,Baixo,3,Médio,4,Alto,3,Médio,4,Alto,2,Médio
2578085,2,Médio,4,Alto,3,Médio,2,Médio,2,Médio,3,Médio,1,Baixo,3,Médio,3,Médio,2,Médio
6593931,3,Médio,4,Alto,1,Baixo,4,Alto,2,Médio,3,Médio,2,Médio,3,Médio,2,Médio,2,Médio
3317105,2,Médio,2,Médio,4,Alto,4,Alto,4,Alto,3,Médio,4,Alto,2,Médio,2,Médio,2,Médio
8507943,2,Médio,4,Alto,2,Médio,4,Alto,3,Médio,3,Médio,4,Alto,3,Médio,1,Baixo,2,Médio
7204092,2,Médio,4,Alto,2,Médio,4,Alto,4,Alto,3,Médio,1,Baixo,4,Alto,2,Médio,2,Médio
8471078,3,Médio,1,Baixo,3,Médio,3,Médio,3,Médio,3,Médio,4,Alto,2,Médio,4,Alto,2,Médio
2142936,2,Médio,4,Alto,2,Médio,2,Médio,3,Médio,3,Médio,3,Médio,2,Médio,4,Alto,2,Médio
7513238,1,Baixo,2,Médio,2,Médio,3,Médio,3,Médio,3,Médio,1,Baixo,1,Baixo,4,Alto,2,Médio
5701355,2,Médio,3,Médio,4,Alto,2,Médio,1,Baixo,3,Médio,3,Médio,2,Médio,4,Alto,2,Médio
2352439,2,Médio,1,Baixo,2,Médio,4,Alto,3,Médio,3,Médio,1,Baixo,3,Médio,3,Médio,2,Médio
6577689,2,Médio,3,Médio,4,Alto,4,Alto,1,Baixo,3,Médio,1,Baixo,3,Médio,4,Alto,2,Médio
4703367,1,Baixo,1,Baixo,1,Baixo,1,Baixo,1,Baixo,3,Médio,2,Médio,4,Alto,1,Baixo,2,Médio
2166194,3,Médio,4,Alto,4,Alto,4,Alto,3,Médio,3,Médio,4,Alto,3,Médio,3,Médio,2,Médio
1696728,2,Médio,2,Médio,4,Alto,4,Alto,3,Médio,3,Médio,4,Alto,4,Alto,4,Alto,2,Médio
6403499,2,Médio,2,Médio,4,Alto,4,Alto,1,Baixo,3,Médio,1,Baixo,1,Baixo,2,Médio,2,Médio
5005107,1,Baixo,4,Alto,3,Médio,1,Baixo,2,Médio,3,Médio,3,Médio,4,Alto,4,Alto,2,Médio
7543802,2,Médio,2,Médio,3,Médio,4,Alto,4,Alto,3,Médio,4,Alto,3,Médio,1,Baixo,2,Médio
4945945,2,Médio,2,Médio,4,Alto,3,Médio,3,Médio,3,Médio,1,Baixo,3,Médio,3,Médio,2,Médio
2817956,2,Médio,3,Médio,2,Médio,4,Alto,4,Alto,3,Médio,3,Médio,3,Médio,1,Baixo,2,Médio
7910702,3,Médio,1,Baixo,2,Médio,3,Médio,1,Baixo,3,Médio,4,Alto,2,Médio,3,Médio,2,Médio
1230186,1,Baixo,1,Baixo,1,Baixo,2,Médio,4,Alto,3,Médio,2,Médio,2,Médio,2,Médio,2,Médio
1221828,2,Médio,3,Médio,2,Médio,1,Baixo,2,Médio,3,Médio,1,Baixo,3,Médio,3,Médio,2,Médio
1718193,2,Médio,1,Baixo,1,Baixo,1,Baixo,2,Médio,3,Médio,3,Médio,3,Médio,4,Alto,2,Médio
2848319,2,Médio,2,Médio,4,Alto,4,Alto,4,Alto,3,Médio,2,Médio,4,Alto,3,Médio,2,Médio
5478299,2,Médio,1,Baixo,4,Alto,4,Alto,4,Alto,3,Médio,1,Baixo,3,Médio,3,Médio,2,Médio
8499304,2,Médio,1,Baixo,3,Médio,3,Médio,2,Médio,3,Médio,3,Médio,3,Médio,1,Baixo,2,Médio
6130665,1,Baixo,4,Alto,2,Médio,2,Médio,2,Médio,3,Médio,4,Alto,1,Baixo,3,Médio,2,Médio
5899602,2,Médio,2,Médio,3,Médio,1,Baixo,1,Baixo,3,Médio,1,Baixo,4,Alto,4,Alto,2,Médio
2643038,3,Médio,1,Baixo,2,Médio,4,Alto,3,Médio,3,Médio,3,Médio,1,Baixo,1,Baixo,2,Médio
3775590,3,Médio,1,Baixo,3,Médio,4,Alto,4,Alto,3,Médio,4,Alto,4,Alto,1,Baixo,2,Médio
7697062,2,Médio,2,Médio,4,Alto,4,Alto,2,Médio,3,Médio,4,Alto,1,Baixo,1,Baixo,2,Médio
7502400,3,Médio,3,Médio,2,Médio,3,Médio,1,Baixo,3,Médio,2,Médio,2,Médio,4,Alto,2,Médio
5334385,2,Médio,1,Baixo,2,Médio,4,Alto,2,Médio,3,Médio,3,Médio,3,Médio,2,Médio,2,Médio
7757967,2,Médio,3,Médio,4,Alto,4,Alto,3,Médio,3,Médio,1,Baixo,2,Médio,2,Médio,2,Médio
6778924,2,Médio,4,Alto,4,Alto,3,Médio,4,Alto,3,Médio,2,Médio,2,Médio,4,Alto,2,Médio
8164697,1,Baixo,3,Médio,4,Alto,2,Médio,3,Médio,3,Médio,4,Alto,1,Baixo,4,Alto,2,Médio
6554322,1,Baixo,3,Médio,1,Baixo,2,Médio,2,Médio,3,Médio,2,Médio,4,Alto,1,Baixo,2,Médio
3301347,2,Médio,4,Alto,1,Baixo,1,Baixo,1,Baixo,3,Médio,4,Alto,4,Alto,2,Médio,2,Médio
2939499,2,Médio,4,Alto,3,Médio,3,Médio,2,Médio,3,Médio,1,Baixo,3,Médio,3,Médio,2,Médio
2797126,2,Médio,3,Médio,3,Médio,2,Médio,3,Médio,3,Médio,2,Médio,1,Baixo,4,Alto,2,Médio
3575524,3,Médio,2,Médio,3,Médio,3,Médio,4,Alto,3,Médio,2,Médio,4,Alto,1,Baixo,2,Médio
4764570,3,Médio,4,Alto,4,Alto,4,Alto,2,Médio,3,Médio,1,Baixo,3,Médio,2,Médio,2,Médio
2098417,1,Baixo,4,Alto,2,Médio,4,Alto,4,Alto,3,Médio,4,Alto,4,Alto,2,Médio,2,Médio
8956923,3,Médio,1,Baixo,1,Baixo,3,Médio,4,Alto,3,Médio,3,Médio,3,Médio,4,Alto,2,Médio
6107475,1,Baixo,4,Alto,1,Baixo,1,Baixo,1,Baixo,3,Médio,2,Médio,1,Baixo,1,Baixo,2,Médio
2484929,2,Médio,1,Baixo,4,Alto,3,Médio,3,Médio,3,Médio,3,Médio,1,Baixo,3,Médio,2,Médio
8476304,3,Médio,1,Baixo,3,Médio,4,Alto,2,Médio,3,Médio,1,Baixo,1,Baixo,1,Baixo,2,Médio
3833877,3,Médio,2,Médio,4,Alto,1,Baixo,4,Alto,3,Médio,1,Baixo,2,Médio,4,Alto,2,Médio
3122686,3,Médio,4,Alto,2,Médio,3,Médio,4,Alto,3,Médio,3,Médio,3,Médio,4,Alto,2,Médio
2038144,1,Baixo,3,Médio,3,Médio,1,Baixo,2,Médio,3,Médio,3,Médio,4,Alto,1,Baixo,2,Médio
4832204,2,Médio,2,Médio,4,Alto,4,Alto,3,Médio,4,Alto,4,Alto,1,Baixo,2,Médio,2,Médio
6590514,2,Médio,3,Médio,2,Médio,1,Baixo,1,Baixo,4,Alto,3,Médio,1,Baixo,4,Alto,2,Médio
4497491,1,Baixo,3,Médio,2,Médio,1,Baixo,2,Médio,4,Alto,2,Médio,2,Médio,3,Médio,2,Médio
3647986,3,Médio,2,Médio,3,Médio,3,Médio,2,Médio,4,Alto,3,Médio,1,Baixo,2,Médio,2,Médio
1338081,1,Baixo,2,Médio,4,Alto,3,Médio,1,Baixo,4,Alto,4,Alto,3,Médio,4,Alto,2,Médio
4671002,1,Baixo,2,Médio,1,Baixo,1,Baixo,1,Baixo,4,Alto,3,Médio,2,Médio,2,Médio,2,Médio
7423770,2,Médio,1,Baixo,1,Baixo,2,Médio,1,Baixo,4,Alto,3,Médio,1,Baixo,2,Médio,2,Médio
3475077,1,Baixo,1,Baixo,1,Baixo,2,Médio,1,Baixo,4,Alto,1,Baixo,4,Alto,2,Médio,2,Médio
8457557,2,Médio,4,Alto,1,Baixo,2,Médio,1,Baixo,4,Alto,4,Alto,2,Médio,3,Médio,2,Médio
8471839,2,Médio,4,Alto,1,Baixo,3,Médio,4,Alto,4,Alto,3,Médio,3,Médio,4,Alto,2,Médio
2830739,1,Baixo,1,Baixo,3,Médio,2,Médio,1,Baixo,4,Alto,3,Médio,2,Médio,4,Alto,2,Médio
6791135,1,Baixo,4,Alto,2,Médio,2,Médio,2,Médio,4,Alto,4,Alto,3,Médio,3,Médio,2,Médio
6158916,3,Médio,4,Alto,2,Médio,1,Baixo,2,Médio,4,Alto,4,Alto,2,Médio,3,Médio,2,Médio
3569943,3,Médio,3,Médio,3,Médio,3,Médio,4,Alto,4,Alto,3,Médio,4,Alto,3,Médio,2,Médio
3875589,3,Médio,2,Médio,3,Médio,2,Médio,2,Médio,4,Alto,4,Alto,2,Médio,4,Alto,2,Médio
3070266,2,Médio,3,Médio,4,Alto,4,Alto,2,Médio,4,Alto,2,Médio,2,Médio,4,Alto,2,Médio
6046483,2,Médio,3,Médio,3,Médio,4,Alto,3,Médio,4,Alto,4,Alto,4,Alto,3,Médio,2,Médio
7762851,1,Baixo,3,Médio,2,Médio,3,Médio,3,Médio,4,Alto,2,Médio,4,Alto,4,Alto,2,Médio
2717112,1,Baixo,1,Baixo,1,Baixo,1,Baixo,1,Baixo,4,Alto,1,Baixo,3,Médio,1,Baixo,2,Médio
1397395,2,Médio,1,Baixo,1,Baixo,3,Médio,1,Baixo,4,Alto,3,Médio,3,Médio,4,Alto,2,Médio
2775772,2,Médio,4,Alto,4,Alto,3,Médio,1,Baixo,4,Alto,4,Alto,2,Médio,3,Médio,2,Médio
1404326,1,Baixo,1,Baixo,1,Baixo,1,Baixo,1,Baixo,4,Alto,1,Baixo,2,Médio,1,Baixo,2,Médio
4758406,2,Médio,1,Baixo,1,Baixo,1,Baixo,1,Baixo,4,Alto,4,Alto,2,Médio,3,Médio,2,Médio
1111875,1,Baixo,1,Baixo,3,Médio,4,Alto,2,Médio,4,Alto,3,Médio,3,Médio,4,Alto,2,Médio
2835063,3,Médio,4,Alto,4,Alto,3,Médio,1,Baixo,4,Alto,1,Baixo,2,Médio,4,Alto,2,Médio
2612867,1,Baixo,3,Médio,1,Baixo,2,Médio,1,Baixo,4,Alto,2,Médio,2,Médio,4,Alto,2,Médio
1713130,1,Baixo,1,Baixo,1,Baixo,3,Médio,1,Baixo,4,Alto,4,Alto,4,Alto,4,Alto,2,Médio
1266830,3,Médio,4,Alto,2,Médio,3,Médio,2,Médio,4,Alto,4,Alto,4,Alto,4,Alto,2,Médio
7122267,2,Médio,1,Baixo,2,Médio,1,Baixo,2,Médio,4,Alto,4,Alto,3,Médio,4,Alto,2,Médio
6386843,1,Baixo,1,Baixo,1,Baixo,2,Médio,2,Médio,4,Alto,3,Médio,4,Alto,4,Alto,2,Médio
5911914,2,Médio,2,Médio,2,Médio,2,Médio,1,Baixo,4,Alto,4,Alto,2,Médio,1,Baixo,2,Médio
1743307,2,Médio,2,Médio,4,Alto,3,Médio,2,Médio,4,Alto,1,Baixo,4,Alto,4,Alto,2,Médio
1771212,2,Médio,1,Baixo,4,Alto,3,Médio,2,Médio,4,Alto,1,Baixo,2,Médio,4,Alto,2,Médio
5243367,1,Baixo,2,Médio,1,Baixo,1,Baixo,1,Baixo,4,Alto,4,Alto,2,Médio,1,Baixo,2,Médio
5168392,1,Baixo,4,Alto,3,Médio,4,Alto,2,Médio,4,Alto,2,Médio,3,Médio,4,Alto,2,Médio
8251078,3,Médio,2,Médio,2,Médio,1,Baixo,1,Baixo,4,Alto,1,Baixo,4,Alto,1,Baixo,2,Médio
1386595,2,Médio,4,Alto,1,Baixo,2,Médio,1,Baixo,4,Alto,2,Médio,2,Médio,2,Médio,2,Médio
5848183,3,Médio,2,Médio,4,Alto,2,Médio,2,Médio,4,Alto,4,Alto,2,Médio,4,Alto,2,Médio
7870658,2,Médio,4,Alto,2,Médio,4,Alto,3,Médio,4,Alto,1,Baixo,1,Baixo,4,Alto,2,Médio
3885692,3,Médio,1,Baixo,2,Médio,4,Alto,4,Alto,4,Alto,3,Médio,2,Médio,4,Alto,2,Médio
6136667,1,Baixo,4,Alto,3,Médio,2,Médio,1,Baixo,4,Alto,3,Médio,2,Médio,4,Alto,2,Médio
5239763,2,Médio,3,Médio,3,Médio,4,Alto,4,Alto,4,Alto,1,Baixo,4,Alto,1,Baixo,2,Médio
4551026,3,Médio,3,Médio,1,Baixo,2,Médio,1,Baixo,4,Alto,1,Baixo,1,Baixo,3,Médio,2,Médio
2341529,1,Baixo,4,Alto,1,Baixo,1,Baixo,1,Baixo,4,Alto,4,Alto,3,Médio,3,Médio,2,Médio
3635714,1,Baixo,2,Médio,2,Médio,4,Alto,1,Baixo,4,Alto,3,Médio,3,Médio,4,Alto,2,Médio
5264430,1,Baixo,2,Médio,1,Baixo,4,Alto,1,Baixo,4,Alto,2,Médio,1,Baixo,3,Médio,2,Médio
3186172,1,Baixo,1,Baixo,1,Baixo,3,Médio,1,Baixo,4,Alto,1,Baixo,1,Baixo,4,Alto,2,Médio
3476877,1,Baixo,4,Alto,2,Médio,1,Baixo,1,Baixo,4,Alto,1,Baixo,1,Baixo,1,Baixo,2,Médio
3439901,1,Baixo,4,Alto,3,Médio,4,Alto,3,Médio,4,Alto,4,Alto,4,Alto,3,Médio,2,Médio
4117642,2,Médio,1,Baixo,3,Médio,2,Médio,1,Baixo,4,Alto,1,Baixo,3,Médio,1,Baixo,2,Médio
6372213,2,Médio,2,Médio,1,Baixo,1,Baixo,1,Baixo,4,Alto,4,Alto,2,Médio,1,Baixo,2,Médio
1130135,2,Médio,3,Médio,1,Baixo,1,Baixo,1,Baixo,4,Alto,3,Médio,4,Alto,1,Baixo,2,Médio
2153574,3,Médio,3,Médio,2,Médio,4,Alto,1,Baixo,4,Alto,3,Médio,4,Alto,1,Baixo,2,Médio
3872585,2,Médio,1,Baixo,3,Médio,1,Baixo,1,Baixo,4,Alto,4,Alto,2,Médio,1,Baixo,2,Médio
4923214,2,Médio,1,Baixo,1,Baixo,1,Baixo,1,Baixo,4,Alto,3,Médio,1,Baixo,1,Baixo,2,Médio
6402604,2,Médio,3,Médio,1,Baixo,2,Médio,3,Médio,4,Alto,2,Médio,3,Médio,1,Baixo,2,Médio
5179092,1,Baixo,3,Médio,2,Médio,3,Médio,1,Baixo,4,Alto,4,Alto,2,Médio,2,Médio,2,Médio
8689972,2,Médio,2,Médio,1,Baixo,3,Médio,1,Baixo,4,Alto,3,Médio,3,Médio,2,Médio,2,Médio
8246992,2,Médio,1,Baixo,2,Médio,1,Baixo,3,Médio,4,Alto,4,Alto,4,Alto,3,Médio,2,Médio
4989276,1,Baixo,1,Baixo,3,Médio,3,Médio,1,Baixo,4,Alto,2,Médio,3,Médio,3,Médio,2,Médio
7298940,2,Médio,3,Médio,1,Baixo,3,Médio,1,Baixo,4,Alto,1,Baixo,2,Médio,4,Alto,2,Médio
6193307,2,Médio,2,Médio,1,Baixo,1,Baixo,2,Médio,4,Alto,1,Baixo,1,Baixo,2,Médio,2,Médio
7556948,1,Baixo,4,Alto,1,Baixo,1,Baixo,1,Baixo,4,Alto,4,Alto,2,Médio,2,Médio,2,Médio
6792432,3,Médio,4,Alto,1,Baixo,1,Baixo,3,Médio,1,Baixo,2,Médio,4,Alto,3,Médio,3,Médio
2226206,2,Médio,3,Médio,2,Médio,4,Alto,4,Alto,1,Baixo,2,Médio,3,Médio,3,Médio,3,Médio
2616615,2,Médio,1,Baixo,2,Médio,4,Alto,4,Alto,1,Baixo,2,Médio,2,Médio,2,Médio,3,Médio
5426643,2,Médio,4,Alto,1,Baixo,2,Médio,4,Alto,1,Baixo,2,Médio,1,Baixo,1,Baixo,3,Médio
2480109,4,Alto,2,Médio,3,Médio,3,Médio,3,Médio,1,Baixo,1,Baixo,1,Baixo,2,Médio,3,Médio
2619841,2,Médio,4,Alto,1,Baixo,2,Médio,4,Alto,1,Baixo,2,Médio,2,Médio,2,Médio,3,Médio
6549461,2,Médio,2,Médio,3,Médio,3,Médio,3,Médio,1,Baixo,1,Baixo,4,Alto,3,Médio,3,Médio
1549051,2,Médio,4,Alto,2,Médio,1,Baixo,4,Alto,1,Baixo,4,Alto,1,Baixo,1,Baixo,3,Médio
7435337,4,Alto,4,Alto,1,Baixo,2,Médio,4,Alto,1,Baixo,4,Alto,1,Baixo,2,Médio,3,Médio
8134740,4,Alto,1,Baixo,3,Médio,3,Médio,4,Alto,1,Baixo,2,Médio,1,Baixo,2,Médio,3,Médio
1899106,4,Alto,1,Baixo,4,Alto,2,Médio,2,Médio,1,Baixo,1,Baixo,1,Baixo,4,Alto,3,Médio
8290102,3,Médio,4,Alto,1,Baixo,1,Baixo,3,Médio,1,Baixo,4,Alto,3,Médio,1,Baixo,3,Médio
4967426,3,Médio,3,Médio,4,Alto,2,Médio,2,Médio,1,Baixo,2,Médio,1,Baixo,3,Médio,3,Médio
2439081,3,Médio,3,Médio,3,Médio,2,Médio,4,Alto,1,Baixo,1,Baixo,3,Médio,2,Médio,3,Médio
4600873,2,Médio,3,Médio,3,Médio,3,Médio,4,Alto,1,Baixo,1,Baixo,4,Alto,1,Baixo,3,Médio
2542321,3,Médio,2,Médio,4,Alto,1,Baixo,2,Médio,1,Baixo,2,Médio,4,Alto,4,Alto,3,Médio
1464404,4,Alto,4,Alto,1,Baixo,1,Baixo,2,Médio,1,Baixo,3,Médio,2,Médio,2,Médio,3,Médio
7726159,3,Médio,3,Médio,3,Médio,4,Alto,4,Alto,1,Baixo,3,Médio,1,Baixo,3,Médio,3,Médio
7498965,3,Médio,2,Médio,1,Baixo,2,Médio,4,Alto,1,Baixo,2,Médio,1,Baixo,1,Baixo,3,Médio
5624903,4,Alto,3,Médio,3,Médio,4,Alto,2,Médio,1,Baixo,3,Médio,3,Médio,2,Médio,3,Médio
1159428,3,Médio,4,Alto,2,Médio,3,Médio,2,Médio,1,Baixo,2,Médio,2,Médio,2,Médio,3,Médio
3341212,3,Médio,1,Baixo,4,Alto,2,Médio,4,Alto,1,Baixo,2,Médio,4,Alto,3,Médio,3,Médio
5526636,3,Médio,2,Médio,4,Alto,1,Baixo,4,Alto,1,Baixo,4,Alto,4,Alto,3,Médio,3,Médio
3090144,3,Médio,3,Médio,2,Médio,2,Médio,3,Médio,1,Baixo,1,Baixo,1,Baixo,1,Baixo,3,Médio
7068825,3,Médio,1,Baixo,2,Médio,4,Alto,4,Alto,1,Baixo,1,Baixo,1,Baixo,2,Médio,3,Médio